report_date,lev_money_long,lev_money_short
2006-06-13,49945.0,7623.0
2006-06-20,37815.0,12996.0
2006-06-27,51142.0,11361.0
2006-07-03,64455.0,11561.0
2006-07-11,69298.0,10862.0
2006-07-18,50192.0,10830.0
2006-07-25,46022.0,13658.0
2006-08-01,59548.0,8527.0
2006-08-08,74394.0,6944.0
2006-08-15,73151.0,6576.0
2006-08-22,68246.0,6883.0
2006-08-29,63077.0,7535.0
2006-09-05,59319.0,9214.0
2006-09-12,61227.0,10696.0
2006-09-19,46743.0,13340.0
2006-09-26,43390.0,11950.0
2006-10-03,50567.0,13037.0
2006-10-10,41815.0,28722.0
2006-10-17,41452.0,34619.0
2006-10-24,41209.0,37360.0
2006-10-31,55998.0,14863.0
2006-11-07,68434.0,13554.0
2006-11-14,56684.0,9314.0
2006-11-21,58168.0,8740.0
2006-11-28,72313.0,11785.0
2006-12-05,80295.0,13077.0
2006-12-12,82572.0,7682.0
2006-12-19,78431.0,8431.0
2006-12-26,70848.0,10888.0
2007-01-03,64339.0,11520.0
2007-01-09,57696.0,10102.0
2007-01-16,34131.0,9659.0
2007-01-23,41113.0,10734.0
2007-01-30,47316.0,14363.0
2007-02-06,36900.0,18984.0
2007-02-13,64685.0,15011.0
2007-02-20,73637.0,10136.0
2007-02-27,82058.0,12322.0
2007-03-06,66258.0,10419.0
2007-03-13,71773.0,8119.0
2007-03-20,72699.0,7062.0
2007-03-27,81280.0,12474.0
2007-04-03,86207.0,10320.0
2007-04-10,94986.0,10360.0
2007-04-17,93752.0,12723.0
2007-04-24,103806.0,18369.0
2007-05-01,101484.0,15739.0
2007-05-08,96771.0,16830.0
2007-05-15,112640.0,19139.0
2007-05-22,90284.0,21496.0
2007-05-29,87434.0,18099.0
2007-06-05,81534.0,19823.0
2007-06-12,55536.0,34942.0
2007-06-19,51998.0,31803.0
2007-06-26,58624.0,22143.0
2007-07-03,67570.0,17195.0
2007-07-10,93516.0,18151.0
2007-07-17,91494.0,10713.0
2007-07-24,95278.0,10397.0
2007-07-31,73550.0,13283.0
2007-08-07,82984.0,21788.0
2007-08-14,61978.0,13323.0
2007-08-21,44309.0,21312.0
2007-08-28,45442.0,20754.0
2007-09-04,50636.0,20161.0
2007-09-11,58787.0,17642.0
2007-09-18,95224.0,13531.0
2007-09-25,88631.0,23076.0
2007-10-02,103706.0,22405.0
2007-10-09,88321.0,16924.0
2007-10-16,85511.0,21735.0
2007-10-23,72610.0,24082.0
2007-10-30,70718.0,23170.0
2007-11-06,81008.0,28136.0
2007-11-13,67075.0,29570.0
2007-11-20,69460.0,32056.0
2007-11-27,63437.0,18378.0
2007-12-04,68060.0,18048.0
2007-12-11,60608.0,20836.0
2007-12-18,46533.0,26174.0
2007-12-24,48065.0,34141.0
2007-12-31,47563.0,37528.0
2008-01-08,60804.0,39143.0
2008-01-15,54267.0,36209.0
2008-01-22,42879.0,41425.0
2008-01-29,44621.0,40506.0
2008-02-05,44196.0,40567.0
2008-02-12,33149.0,43001.0
2008-02-19,41386.0,43320.0
2008-02-26,56943.0,40745.0
2008-03-04,54400.0,46974.0
2008-03-11,57051.0,56192.0
2008-03-18,54498.0,57359.0
2008-03-25,72228.0,49461.0
2008-04-01,59500.0,43804.0
2008-04-08,65643.0,43759.0
2008-04-15,59182.0,42160.0
2008-04-22,60272.0,40368.0
2008-04-29,28168.0,45777.0
2008-05-06,34565.0,48458.0
2008-05-13,34124.0,44653.0
2008-05-20,48111.0,43572.0
2008-05-27,40397.0,40895.0
2008-06-03,36133.0,48614.0
2008-06-10,38622.0,43631.0
2008-06-17,31970.0,31220.0
2008-06-24,38854.0,28967.0
2008-07-01,68891.0,28750.0
2008-07-08,60653.0,25314.0
2008-07-15,68593.0,29830.0
2008-07-22,57619.0,31646.0
2008-07-29,34272.0,39111.0
2008-08-05,36774.0,39650.0
2008-08-12,24646.0,29763.0
2008-08-19,26693.0,29979.0
2008-08-26,24555.0,39694.0
2008-09-02,24250.0,48558.0
2008-09-09,22725.0,39031.0
2008-09-16,14053.0,49777.0
2008-09-23,19754.0,39963.0
2008-09-30,13668.0,32573.0
2008-10-07,20761.0,27101.0
2008-10-14,16795.0,28892.0
2008-10-21,16547.0,26599.0
2008-10-28,21570.0,24732.0
2008-11-04,20968.0,22114.0
2008-11-11,18122.0,24540.0
2008-11-18,18216.0,25310.0
2008-11-25,22927.0,20163.0
2008-12-02,26188.0,21993.0
2008-12-09,22605.0,17639.0
2008-12-16,17723.0,20712.0
2008-12-22,18580.0,17933.0
2008-12-30,21011.0,19213.0
2009-01-06,20881.0,20562.0
2009-01-13,13656.0,19648.0
2009-01-20,14747.0,19736.0
2009-01-27,20159.0,19934.0
2009-02-03,19149.0,23849.0
2009-02-10,22785.0,26947.0
2009-02-17,15216.0,33365.0
2009-02-24,13614.0,29583.0
2009-03-03,15189.0,40939.0
2009-03-10,17583.0,33078.0
2009-03-17,20960.0,27809.0
2009-03-24,23099.0,22456.0
2009-03-31,16447.0,16361.0
2009-04-07,21126.0,16285.0
2009-04-14,17007.0,16058.0
2009-04-21,12767.0,19641.0
2009-04-28,10831.0,21193.0
2009-05-05,12971.0,17437.0
2009-05-12,18659.0,16685.0
2009-05-19,23142.0,15935.0
2009-05-26,27952.0,17528.0
2009-06-02,32713.0,23762.0
2009-06-09,33231.0,25014.0
2009-06-16,21079.0,14566.0
2009-06-23,29167.0,15897.0
2009-06-30,25941.0,16232.0
2009-07-07,27838.0,26034.0
2009-07-14,27218.0,18151.0
2009-07-21,49036.0,18667.0
2009-07-28,41816.0,20722.0
2009-08-04,46369.0,18954.0
2009-08-11,31829.0,17101.0
2009-08-18,22377.0,26675.0
2009-08-25,32583.0,22310.0
2009-09-01,29097.0,22154.0
2009-09-08,41471.0,24965.0
2009-09-15,58407.0,15827.0
2009-09-22,59390.0,17724.0
2009-09-29,55883.0,18719.0
2009-10-06,67184.0,17101.0
2009-10-13,63547.0,18841.0
2009-10-20,61589.0,24507.0
2009-10-27,47566.0,20661.0
2009-11-03,44419.0,24749.0
2009-11-09,49486.0,25590.0
2009-11-17,46307.0,34453.0
2009-11-24,54722.0,31596.0
2009-12-01,53616.0,28324.0
2009-12-08,32349.0,34573.0
2009-12-15,25933.0,46633.0
2009-12-22,22315.0,47303.0
2009-12-29,16752.0,60063.0
2010-01-05,21682.0,63783.0
2010-01-12,21776.0,41932.0
2010-01-19,15107.0,48961.0
2010-01-26,16828.0,60431.0
2010-02-02,12809.0,62929.0
2010-02-09,15651.0,72717.0
2010-02-16,17149.0,69041.0
2010-02-23,18369.0,81838.0
2010-03-02,18694.0,79660.0
2010-03-09,17907.0,92561.0
2010-03-16,18336.0,79044.0
2010-03-23,18919.0,102137.0
2010-03-30,10606.0,118115.0
2010-04-06,17088.0,99772.0
2010-04-13,21493.0,90407.0
2010-04-20,20846.0,92908.0
2010-04-27,20500.0,111862.0
2010-05-04,18041.0,127312.0
2010-05-11,21525.0,144148.0
2010-05-18,37605.0,153869.0
2010-05-25,27228.0,147870.0
2010-06-01,24084.0,134044.0
2010-06-08,29109.0,143057.0
2010-06-15,29958.0,109270.0
2010-06-22,23800.0,110231.0
2010-06-29,26862.0,113255.0
2010-07-06,34464.0,83845.0
2010-07-13,30129.0,72779.0
2010-07-20,30298.0,71049.0
2010-07-27,34118.0,67984.0
2010-08-03,34148.0,59251.0
2010-08-10,33402.0,49230.0
2010-08-17,35139.0,63817.0
2010-08-24,29115.0,65757.0
2010-08-31,32332.0,64492.0
2010-09-07,29100.0,70229.0
2010-09-14,33007.0,60803.0
2010-09-21,29290.0,44965.0
2010-09-28,47592.0,35213.0
2010-10-05,48716.0,24827.0
2010-10-12,44042.0,26485.0
2010-10-19,50940.0,24588.0
2010-10-26,47943.0,29553.0
2010-11-02,45948.0,34132.0
2010-11-09,35280.0,40244.0
2010-11-16,33150.0,43572.0
2010-11-23,21148.0,47933.0
2010-11-30,31464.0,50009.0
2010-12-07,17486.0,49899.0
2010-12-14,16766.0,46457.0
2010-12-21,22249.0,52260.0
2010-12-28,15443.0,61279.0
2011-01-04,20323.0,56517.0
2011-01-11,25030.0,76226.0
2011-01-18,44563.0,61604.0
2011-01-25,52229.0,46485.0
2011-02-01,64625.0,36657.0
2011-02-08,56090.0,35785.0
2011-02-15,48288.0,33887.0
2011-02-22,58959.0,41991.0
2011-03-01,64166.0,37187.0
2011-03-08,72271.0,43312.0
2011-03-15,62919.0,37231.0
2011-03-22,62333.0,29845.0
2011-03-29,74873.0,37044.0
2011-04-05,78789.0,39413.0
2011-04-12,80120.0,38808.0
2011-04-19,76388.0,40203.0
2011-04-26,81402.0,40303.0
2011-05-03,105405.0,47627.0
2011-05-10,68986.0,45937.0
2011-05-17,60895.0,53397.0
2011-05-24,51375.0,59617.0
2011-05-31,56010.0,60973.0
2011-06-07,71419.0,63880.0
2011-06-14,68240.0,42128.0
2011-06-21,57942.0,44490.0
2011-06-28,53306.0,41546.0
2011-07-05,64555.0,47296.0
2011-07-12,46791.0,57127.0
2011-07-19,35357.0,52885.0
2011-07-26,41839.0,46960.0
2011-08-02,44262.0,56722.0
2011-08-09,48629.0,45771.0
2011-08-16,41298.0,37636.0
2011-08-23,42878.0,38997.0
2011-08-30,43107.0,39766.0
2011-09-06,53812.0,61495.0
2011-09-13,63377.0,73866.0
2011-09-20,36687.0,87622.0
2011-09-27,44206.0,90665.0
2011-10-04,53010.0,89631.0
2011-10-11,50685.0,81502.0
2011-10-18,54759.0,87551.0
2011-10-25,51243.0,91709.0
2011-11-01,48212.0,78541.0
2011-11-08,52683.0,67623.0
2011-11-15,59834.0,86885.0
2011-11-22,62727.0,90056.0
2011-11-29,69316.0,108084.0
2011-12-06,66525.0,104430.0
2011-12-13,77262.0,124484.0
2011-12-20,50187.0,134988.0
2011-12-27,57998.0,144008.0
2012-01-03,66673.0,149926.0
2012-01-10,68102.0,155989.0
2012-01-17,67707.0,157917.0
2012-01-24,70651.0,174171.0
2012-01-31,70584.0,161936.0
2012-02-07,59814.0,145974.0
2012-02-14,51873.0,149048.0
2012-02-21,49974.0,143547.0
2012-02-28,51754.0,120966.0
2012-03-06,57022.0,122654.0
2012-03-13,61643.0,129820.0
2012-03-20,48605.0,123944.0
2012-03-27,30924.0,112405.0
2012-04-03,38274.0,105605.0
2012-04-10,47765.0,129486.0
2012-04-17,54321.0,143809.0
2012-04-24,50397.0,134506.0
2012-05-01,49337.0,129999.0
2012-05-08,60165.0,166483.0
2012-05-15,72382.0,194983.0
2012-05-22,68915.0,216214.0
2012-05-29,75361.0,227687.0
2012-06-05,74691.0,234828.0
2012-06-12,77328.0,217739.0
2012-06-19,67141.0,182918.0
2012-06-26,59653.0,184323.0
2012-07-03,61617.0,162223.0
2012-07-10,70787.0,190991.0
2012-07-17,66581.0,185076.0
2012-07-24,72892.0,181375.0
2012-07-31,74744.0,167704.0
2012-08-07,79789.0,163508.0
2012-08-14,75938.0,166782.0
2012-08-21,78048.0,158777.0
2012-08-28,77494.0,134983.0
2012-09-04,77709.0,134605.0
2012-09-11,72242.0,126460.0
2012-09-18,37233.0,107860.0
2012-09-25,44036.0,97519.0
2012-10-02,38032.0,92646.0
2012-10-09,26231.0,99825.0
2012-10-16,26553.0,83924.0
2012-10-23,21990.0,80808.0
2012-10-30,22100.0,81918.0
2012-11-06,27499.0,90155.0
2012-11-13,26746.0,102124.0
2012-11-20,23229.0,104356.0
2012-11-27,18908.0,80275.0
2012-12-04,29764.0,66642.0
2012-12-11,36377.0,66223.0
2012-12-18,55166.0,59469.0
2012-12-24,61048.0,59348.0
2012-12-31,67384.0,58509.0
2013-01-08,53695.0,62122.0
2013-01-15,65502.0,61682.0
2013-01-22,66444.0,52192.0
2013-01-29,74861.0,57466.0
2013-02-05,82597.0,49624.0
2013-02-12,73116.0,51671.0
2013-02-19,67440.0,51723.0
2013-02-26,64662.0,66802.0
2013-03-05,47395.0,73062.0
2013-03-12,44300.0,68546.0
2013-03-19,35843.0,72519.0
2013-03-26,28181.0,71988.0
2013-04-02,33814.0,88557.0
2013-04-09,22934.0,72895.0
2013-04-16,37447.0,63934.0
2013-04-23,38319.0,67615.0
2013-04-30,45834.0,71777.0
2013-05-07,44483.0,70879.0
2013-05-14,46365.0,83141.0
2013-05-21,41601.0,110377.0
2013-05-28,37181.0,106382.0
2013-06-04,37549.0,78958.0
2013-06-11,59561.0,61706.0
2013-06-18,76841.0,52976.0
2013-06-25,76065.0,51019.0
2013-07-02,47669.0,53155.0
2013-07-09,42649.0,69965.0
2013-07-16,42779.0,68057.0
2013-07-23,47633.0,68296.0
2013-07-30,58362.0,63919.0
2013-08-06,65290.0,56721.0
2013-08-13,71187.0,49934.0
2013-08-20,93057.0,53969.0
2013-08-27,93380.0,50844.0
2013-09-03,77806.0,55233.0
2013-09-10,62609.0,52899.0
2013-09-17,90521.0,50140.0
2013-09-24,119731.0,41112.0
2013-10-01,115774.0,35270.0
2013-10-08,118974.0,32919.0
2013-10-15,110779.0,35060.0
2013-10-22,118439.0,37248.0
2013-10-29,117110.0,38556.0
2013-11-05,88170.0,44594.0
2013-11-12,74893.0,45636.0
2013-11-19,73540.0,46427.0
2013-11-26,65636.0,52053.0
2013-12-03,73150.0,49004.0
2013-12-10,83721.0,47165.0
2013-12-17,91807.0,42189.0
2013-12-24,95554.0,41552.0
2013-12-31,96557.0,42201.0
2014-01-07,84159.0,43290.0
2014-01-14,80190.0,46508.0
2014-01-21,74804.0,51479.0
2014-01-28,76591.0,39634.0
2014-02-04,56409.0,46760.0
2014-02-11,65787.0,51995.0
2014-02-18,78567.0,46323.0
2014-02-25,82354.0,44265.0
2014-03-04,96160.0,48412.0
2014-03-11,106455.0,43550.0
2014-03-18,103686.0,33399.0
2014-03-25,95313.0,35310.0
2014-04-01,89129.0,37164.0
2014-04-08,78871.0,41407.0
2014-04-15,92934.0,48114.0
2014-04-22,88509.0,44544.0
2014-04-29,88206.0,48473.0
2014-05-06,95027.0,50047.0
2014-05-13,67940.0,59727.0
2014-05-20,57288.0,60999.0
2014-05-27,50359.0,64444.0
2014-06-03,38195.0,68036.0
2014-06-10,28211.0,80460.0
2014-06-17,41530.0,91462.0
2014-06-24,44148.0,93738.0
2014-07-01,40639.0,92697.0
2014-07-08,39902.0,91011.0
2014-07-15,52941.0,102424.0
2014-07-22,58693.0,125676.0
2014-07-29,61074.0,143273.0
2014-08-05,58092.0,163345.0
2014-08-12,54781.0,159247.0
2014-08-19,59429.0,176719.0
2014-08-26,52160.0,178320.0
2014-09-02,61387.0,188588.0
2014-09-09,67831.0,186378.0
2014-09-16,80424.0,182280.0
2014-09-23,61813.0,170386.0
2014-09-30,65812.0,164819.0
2014-10-07,60122.0,166201.0
2014-10-14,56164.0,176761.0
2014-10-21,58283.0,182016.0
2014-10-28,54852.0,186066.0
2014-11-04,55669.0,194303.0
2014-11-11,54932.0,184026.0
2014-11-18,52016.0,186132.0
2014-11-25,52559.0,180788.0
2014-12-02,54669.0,174780.0
2014-12-09,62299.0,149894.0
2014-12-16,37772.0,140458.0
2014-12-23,23487.0,151153.0
2014-12-30,24362.0,155817.0
2015-01-06,26680.0,162045.0
2015-01-13,30839.0,167542.0
2015-01-20,32373.0,176807.0
2015-01-27,27853.0,166533.0
2015-02-03,25027.0,180585.0
2015-02-10,26289.0,185271.0
2015-02-17,27173.0,179139.0
2015-02-24,26742.0,176724.0
2015-03-03,27440.0,172579.0
2015-03-10,44633.0,173805.0
2015-03-17,28948.0,173161.0
2015-03-24,20642.0,190872.0
2015-03-31,21400.0,182074.0
2015-04-07,15124.0,169767.0
2015-04-14,24209.0,173013.0
2015-04-21,28537.0,167961.0
2015-04-28,33188.0,157422.0
2015-05-05,35663.0,153966.0
2015-05-12,32567.0,140065.0
2015-05-19,26542.0,129771.0
2015-05-26,31548.0,134616.0
2015-06-02,33142.0,119478.0
2015-06-09,33597.0,106766.0
2015-06-16,63194.0,96196.0
2015-06-23,47174.0,92842.0
2015-06-30,42314.0,91268.0
2015-07-07,36754.0,95864.0
2015-07-14,33476.0,99335.0
2015-07-21,37069.0,109230.0
2015-07-28,37860.0,104351.0
2015-08-04,40472.0,114546.0
2015-08-11,39630.0,111198.0
2015-08-18,41471.0,99699.0
2015-08-25,54876.0,97336.0
2015-09-01,46880.0,87166.0
2015-09-08,48378.0,98342.0
2015-09-15,33665.0,93306.0
2015-09-22,34018.0,90489.0
2015-09-29,35818.0,93775.0
2015-10-06,39560.0,101991.0
2015-10-13,41637.0,101741.0
2015-10-20,41222.0,89838.0
2015-10-27,43343.0,126389.0
2015-11-03,38820.0,157029.0
2015-11-10,43341.0,173423.0
2015-11-17,44106.0,185168.0
2015-11-24,41300.0,193182.0
2015-12-01,40995.0,197721.0
2015-12-08,42876.0,182251.0
2015-12-15,37709.0,164104.0
2015-12-22,38680.0,168264.0
2015-12-29,35015.0,166364.0
2016-01-05,38376.0,161853.0
2016-01-12,36831.0,146209.0
2016-01-19,42777.0,138771.0
2016-01-26,41806.0,130781.0
2016-02-02,44996.0,119549.0
2016-02-09,56296.0,118095.0
2016-02-16,57265.0,98372.0
2016-02-23,55047.0,90947.0
2016-03-01,55422.0,107037.0
2016-03-08,51645.0,113572.0
2016-03-15,31348.0,106061.0
2016-03-22,34559.0,103365.0
2016-03-29,40268.0,103385.0
2016-04-05,44989.0,99328.0
2016-04-12,42407.0,89897.0
2016-04-19,48596.0,99473.0
2016-04-26,47618.0,90830.0
2016-05-03,51355.0,89978.0
2016-05-10,43026.0,74363.0
2016-05-17,48634.0,71176.0
2016-05-24,44138.0,92972.0
2016-05-31,47103.0,108677.0
2016-06-07,40588.0,104671.0
2016-06-14,34745.0,104819.0
2016-06-21,20771.0,99392.0
2016-06-28,49126.0,107937.0
2016-07-05,50547.0,125202.0
2016-07-12,44389.0,136261.0
2016-07-19,47774.0,152822.0
2016-07-26,45408.0,157311.0
2016-08-02,34783.0,143066.0
2016-08-09,30468.0,134266.0
2016-08-16,33869.0,132494.0
2016-08-23,37197.0,120293.0
2016-08-30,40910.0,123907.0
2016-09-06,32909.0,120521.0
2016-09-13,29045.0,111600.0
2016-09-20,29136.0,111313.0
2016-09-27,27769.0,107429.0
2016-10-04,31968.0,120181.0
2016-10-11,33435.0,142631.0
2016-10-18,36224.0,175376.0
2016-10-25,52746.0,205053.0
2016-11-01,43948.0,201538.0
2016-11-08,39714.0,174612.0
2016-11-15,39876.0,169235.0
2016-11-22,45054.0,180975.0
2016-11-29,43426.0,199792.0
2016-12-06,44906.0,171370.0
2016-12-13,37839.0,155164.0
2016-12-20,37089.0,142018.0
2016-12-27,40745.0,145933.0
2017-01-03,39085.0,156312.0
2017-01-10,40658.0,156379.0
2017-01-17,40110.0,151134.0
2017-01-24,39640.0,138292.0
2017-01-31,45287.0,129247.0
2017-02-07,42430.0,129012.0
2017-02-14,42453.0,132489.0
2017-02-21,41682.0,145281.0
2017-02-28,47426.0,139282.0
2017-03-07,40433.0,141023.0
2017-03-14,43640.0,131374.0
2017-03-21,52933.0,121836.0
2017-03-28,55749.0,115668.0
2017-04-04,50153.0,117506.0
2017-04-11,48657.0,136804.0
2017-04-18,54348.0,150668.0
2017-04-25,50343.0,131648.0
2017-05-02,52095.0,105099.0
2017-05-09,49908.0,100749.0
2017-05-16,55162.0,88600.0
2017-05-23,69482.0,74824.0
2017-05-30,71490.0,65844.0
2017-06-06,64699.0,54589.0
2017-06-13,61696.0,51695.0
2017-06-20,59455.0,74430.0
2017-06-27,66956.0,75103.0
2017-07-03,68317.0,74930.0
2017-07-11,72673.0,72383.0
2017-07-18,77654.0,71195.0
2017-07-25,68288.0,67936.0
2017-08-01,72993.0,66296.0
2017-08-08,83468.0,58135.0
2017-08-15,70194.0,60834.0
2017-08-22,80501.0,56657.0
2017-08-29,82489.0,51683.0
2017-09-05,81977.0,51920.0
2017-09-12,84642.0,61588.0
2017-09-19,78292.0,77133.0
2017-09-26,70012.0,50279.0
2017-10-03,69139.0,50830.0
2017-10-10,80601.0,57794.0
2017-10-17,70431.0,55097.0
2017-10-24,69117.0,58958.0
2017-10-31,59118.0,59175.0
2017-11-07,62131.0,57575.0
2017-11-14,79328.0,75472.0
2017-11-21,67135.0,57542.0
2017-11-28,80824.0,73895.0
2017-12-05,79554.0,72003.0
2017-12-12,70920.0,55803.0
2017-12-19,67452.0,69797.0
2017-12-26,77098.0,76535.0
2018-01-02,103746.0,69216.0
2018-01-09,101215.0,59173.0
2018-01-16,116996.0,71311.0
2018-01-23,127165.0,68142.0
2018-01-30,128097.0,51244.0
2018-02-06,118937.0,52485.0
2018-02-13,86687.0,51901.0
2018-02-20,82318.0,53036.0
2018-02-27,86607.0,53046.0
2018-03-06,77977.0,47837.0
2018-03-13,82704.0,44967.0
2018-03-20,75540.0,49876.0
2018-03-27,86384.0,58869.0
2018-04-03,68333.0,49189.0
2018-04-10,78185.0,53135.0
2018-04-17,80379.0,50401.0
2018-04-24,56370.0,48017.0
2018-05-01,64315.0,61805.0
2018-05-08,67669.0,62778.0
2018-05-15,57717.0,61801.0
2018-05-22,60848.0,71536.0
2018-05-29,70434.0,88324.0
2018-06-05,67518.0,100985.0
2018-06-12,50902.0,92912.0
2018-06-19,40761.0,96068.0
2018-06-26,39270.0,99328.0
2018-07-03,43024.0,99990.0
2018-07-10,35598.0,104700.0
2018-07-17,32316.0,103269.0
2018-07-24,33910.0,101903.0
2018-07-31,34268.0,101360.0
2018-08-07,35743.0,118267.0
2018-08-14,45132.0,142990.0
2018-08-21,45328.0,147602.0
2018-08-28,33041.0,132771.0
2018-09-04,33922.0,128817.0
2018-09-11,29948.0,105905.0
2018-09-18,33698.0,110361.0
2018-09-25,32021.0,118715.0
2018-10-02,37615.0,119431.0
2018-10-09,36846.0,118768.0
2018-10-16,26929.0,112156.0
2018-10-23,30236.0,123394.0
2018-10-30,37046.0,130192.0
2018-11-06,28935.0,131185.0
2018-11-13,41857.0,130776.0
2018-11-20,36514.0,136774.0
2018-11-27,26502.0,138103.0
2018-12-04,29362.0,131441.0
2018-12-11,31728.0,124184.0
2018-12-18,27921.0,112509.0
2018-12-24,26688.0,115542.0
2018-12-31,28805.0,112280.0
2019-01-08,29570.0,111916.0
2019-01-15,32090.0,111976.0
2019-01-22,27903.0,112808.0
2019-01-29,28376.0,112108.0
2019-02-05,30090.0,107043.0
2019-02-12,37918.0,122159.0
2019-02-19,31020.0,121662.0
2019-02-26,30866.0,113046.0
2019-03-05,44045.0,125120.0
2019-03-12,35487.0,118661.0
2019-03-19,26752.0,113593.0
2019-03-26,27064.0,115577.0
2019-04-02,29983.0,133701.0
2019-04-09,29006.0,132688.0
2019-04-16,33281.0,132662.0
2019-04-23,35713.0,139533.0
2019-04-30,35648.0,145173.0
2019-05-07,32252.0,146844.0
2019-05-14,30438.0,142131.0
2019-05-21,35410.0,142820.0
2019-05-28,36534.0,140497.0
2019-06-04,42983.0,134965.0
2019-06-11,31166.0,134565.0
2019-06-18,35140.0,123984.0
2019-06-25,37864.0,130813.0
2019-07-02,36190.0,122545.0
2019-07-09,31821.0,123452.0
2019-07-16,37455.0,126557.0
2019-07-23,37526.0,133778.0
2019-07-30,38230.0,141494.0
2019-08-06,42290.0,127634.0
2019-08-13,28720.0,137251.0
2019-08-20,30643.0,126115.0
2019-08-27,33930.0,121825.0
2019-09-03,48225.0,138243.0
2019-09-10,36765.0,133494.0
2019-09-17,30517.0,137178.0
2019-09-24,29730.0,121019.0
2019-10-01,44921.0,134406.0
2019-10-08,38991.0,141981.0
2019-10-15,33138.0,134965.0
2019-10-22,38461.0,133011.0
2019-10-29,40929.0,134425.0
2019-11-05,42111.0,143181.0
2019-11-12,39577.0,137093.0
2019-11-19,43096.0,131953.0
2019-11-26,41461.0,138868.0
2019-12-03,43557.0,137918.0
2019-12-10,45034.0,146272.0
2019-12-17,44265.0,148057.0
2019-12-24,42584.0,155491.0
2019-12-31,44827.0,172022.0
2020-01-07,42151.0,159703.0
2020-01-14,41577.0,150952.0
2020-01-21,46342.0,147131.0
2020-01-28,55726.0,159127.0
2020-02-04,46758.0,163930.0
2020-02-11,44521.0,178070.0
2020-02-18,48476.0,186683.0
2020-02-25,49751.0,195284.0
2020-03-03,42754.0,183133.0
2020-03-10,38294.0,145905.0
2020-03-17,38965.0,101775.0
2020-03-24,43370.0,85717.0
2020-03-31,43712.0,79721.0
2020-04-07,48500.0,76019.0
2020-04-14,51052.0,72530.0
2020-04-21,53217.0,72546.0
2020-04-28,55128.0,74633.0
2020-05-05,54435.0,78604.0
2020-05-12,51313.0,78126.0
2020-05-19,48455.0,79962.0
2020-05-26,52480.0,83302.0
2020-06-02,52066.0,83119.0
2020-06-09,51348.0,84377.0
2020-06-16,47845.0,66789.0
2020-06-23,52353.0,67326.0
2020-06-30,45082.0,76489.0
2020-07-07,49579.0,76501.0
2020-07-14,53992.0,79311.0
2020-07-21,59583.0,74578.0
2020-07-28,78712.0,84562.0
2020-08-04,91850.0,80218.0
2020-08-11,96780.0,66321.0
2020-08-18,93893.0,62324.0
2020-08-25,89098.0,52003.0
2020-09-01,86169.0,54361.0
2020-09-08,81097.0,51168.0
2020-09-15,67043.0,47965.0
2020-09-22,74981.0,51976.0
2020-09-29,77163.0,48037.0
2020-10-06,68151.0,50728.0
2020-10-13,63825.0,53514.0
2020-10-20,67693.0,57879.0
2020-10-27,60841.0,56428.0
2020-11-03,49641.0,59764.0
2020-11-10,56591.0,59918.0
2020-11-17,55787.0,61398.0
2020-11-24,57894.0,59428.0
2020-12-01,64671.0,59125.0
2020-12-08,72412.0,58873.0
2020-12-15,66504.0,48447.0
2020-12-21,68772.0,50411.0
2020-12-29,68234.0,51624.0
2021-01-05,67843.0,54977.0
2021-01-12,72119.0,48463.0
2021-01-19,80097.0,48853.0
2021-01-26,76457.0,46921.0
2021-02-02,73530.0,51409.0
2021-02-09,70898.0,48435.0
2021-02-16,68136.0,48708.0
2021-02-23,72092.0,54006.0
2021-03-02,73422.0,55194.0
2021-03-09,64247.0,64173.0
2021-03-16,48912.0,60735.0
2021-03-23,51452.0,58114.0
2021-03-30,57133.0,63913.0
2021-04-06,53206.0,65295.0
2021-04-13,55274.0,65489.0
2021-04-20,61556.0,61540.0
2021-04-27,63322.0,63360.0
2021-05-04,59981.0,63801.0
2021-05-11,72130.0,69703.0
2021-05-18,70419.0,73738.0
2021-05-25,70981.0,73484.0
2021-06-01,69560.0,69723.0
2021-06-08,63558.0,70560.0
2021-06-15,49079.0,51822.0
2021-06-22,52382.0,68507.0
2021-06-29,51345.0,64095.0
2021-07-06,52702.0,68652.0
2021-07-13,59722.0,81863.0
2021-07-20,54722.0,88458.0
2021-07-27,53235.0,86419.0
2021-08-03,51182.0,88923.0
2021-08-10,59526.0,97549.0
2021-08-17,58690.0,92187.0
2021-08-24,62532.0,83371.0
2021-08-31,56161.0,94209.0
2021-09-07,51065.0,82340.0
2021-09-14,48022.0,74166.0
2021-09-21,50898.0,80625.0
2021-09-28,53203.0,98491.0
2021-10-05,51655.0,123129.0
2021-10-12,58428.0,122030.0
2021-10-19,49927.0,103118.0
2021-10-26,55993.0,106564.0
2021-11-02,55382.0,96689.0
2021-11-09,55225.0,90357.0
2021-11-16,60703.0,101120.0
2021-11-23,61527.0,111496.0
2021-11-30,59415.0,109863.0
2021-12-07,54321.0,102069.0
2021-12-14,51027.0,104672.0
2021-12-21,56120.0,107792.0
2021-12-28,57637.0,108038.0
2022-01-04,53226.0,103086.0
2022-01-11,58385.0,106059.0
2022-01-18,59745.0,103523.0
2022-01-25,60810.0,104453.0
2022-02-01,60108.0,103297.0
2022-02-08,63922.0,97767.0
2022-02-15,52391.0,91413.0
2022-02-22,50013.0,80598.0
2022-03-01,65510.0,83665.0
2022-03-08,83687.0,90574.0
2022-03-15,60296.0,86916.0
2022-03-22,67389.0,82786.0
2022-03-29,68790.0,78753.0
2022-04-05,69051.0,74903.0
2022-04-12,79273.0,71866.0
2022-04-19,70868.0,75909.0
2022-04-26,76345.0,87058.0
2022-05-03,76413.0,96578.0
2022-05-10,80967.0,99030.0
2022-05-17,84236.0,99212.0
2022-05-24,80090.0,91273.0
2022-05-31,81461.0,84256.0
2022-06-07,79551.0,77302.0
2022-06-14,67595.0,78227.0
2022-06-21,73266.0,75862.0
2022-06-28,70552.0,72913.0
2022-07-05,78194.0,87788.0
2022-07-12,77104.0,84726.0
2022-07-19,70143.0,93138.0
2022-07-26,73744.0,104779.0
2022-08-02,69879.0,92579.0
2022-08-09,72779.0,89387.0
2022-08-16,70967.0,93137.0
2022-08-23,82015.0,100897.0
2022-08-30,76078.0,101436.0
2022-09-06,74344.0,97788.0
2022-09-13,68149.0,96774.0
2022-09-20,69575.0,97378.0
2022-09-27,75359.0,102250.0
2022-10-04,68913.0,87224.0
2022-10-11,64598.0,83788.0
2022-10-18,69229.0,80045.0
2022-10-25,83693.0,88897.0
2022-11-01,88366.0,84155.0
2022-11-08,81850.0,75031.0
2022-11-15,80563.0,80590.0
2022-11-22,83419.0,76878.0
2022-11-29,76460.0,79804.0
2022-12-06,76694.0,81601.0
2022-12-13,68146.0,79103.0
2022-12-20,78454.0,95148.0
2022-12-27,81740.0,92874.0
2023-01-03,71489.0,77178.0
2023-01-10,82961.0,89335.0
2023-01-17,71486.0,85373.0
2023-01-24,77468.0,88332.0
2023-01-31,85496.0,80440.0
2023-02-07,73795.0,58220.0
2023-02-14,79092.0,57684.0
2023-02-21,79329.0,56100.0
2023-02-28,84939.0,58012.0
2023-03-07,75936.0,60049.0
2023-03-14,64007.0,56362.0
2023-03-21,61547.0,48206.0
2023-03-28,58664.0,55651.0
2023-04-04,66748.0,63263.0
2023-04-11,69139.0,61513.0
2023-04-18,65844.0,57520.0
2023-04-25,69260.0,55884.0
2023-05-02,70548.0,55759.0
2023-05-09,78046.0,64643.0
2023-05-16,69220.0,53952.0
2023-05-23,72480.0,58233.0
2023-05-30,72423.0,53127.0
2023-06-06,77781.0,54388.0
2023-06-13,70136.0,49937.0
2023-06-20,66452.0,60120.0
2023-06-27,70527.0,56288.0
2023-07-03,69829.0,52356.0
2023-07-11,70220.0,60623.0
2023-07-18,86196.0,64705.0
2023-07-25,80093.0,54039.0
2023-08-01,70631.0,51919.0
2023-08-08,71402.0,60392.0
2023-08-15,76755.0,53700.0
2023-08-22,91721.0,60015.0
2023-08-29,87774.0,59359.0
2023-09-05,89527.0,65457.0
2023-09-12,72898.0,59469.0
2023-09-19,65602.0,60740.0
2023-09-26,76453.0,64578.0
2023-10-03,82368.0,69165.0
2023-10-10,68001.0,68963.0
2023-10-17,75357.0,71058.0
2023-10-24,81600.0,72575.0
2023-10-31,77740.0,72267.0
2023-11-07,77240.0,71870.0
2023-11-14,77152.0,70027.0
2023-11-21,73652.0,65589.0
2023-11-28,73233.0,63049.0
2023-12-05,76280.0,64172.0
2023-12-12,83174.0,66533.0
2023-12-19,67756.0,75221.0
2023-12-26,71580.0,75813.0
2024-01-02,86037.0,73326.0
2024-01-09,80190.0,64329.0
2024-01-16,80292.0,68347.0
2024-01-23,75337.0,71769.0
2024-01-30,79542.0,68993.0
2024-02-06,80024.0,85356.0
2024-02-13,88270.0,94055.0
2024-02-20,87583.0,77256.0
2024-02-27,85862.0,79487.0
2024-03-05,88588.0,79149.0
2024-03-12,80929.0,77212.0
2024-03-19,85730.0,89372.0
2024-03-26,81778.0,90904.0
2024-04-02,94297.0,103690.0
2024-04-09,65356.0,86911.0
2024-04-16,70146.0,104691.0
2024-04-23,63518.0,98985.0
2024-04-30,68274.0,91458.0
2024-05-07,69345.0,86146.0
2024-05-14,75619.0,82704.0
2024-05-21,75342.0,77721.0
2024-05-28,74699.0,67353.0
2024-06-04,80602.0,68259.0
2024-06-11,79583.0,80975.0
2024-06-18,78396.0,87215.0
2024-06-25,78729.0,90328.0
2024-07-02,72818.0,82267.0
2024-07-09,73785.0,79258.0
2024-07-16,85859.0,78470.0
2024-07-23,83176.0,78836.0
2024-07-30,73234.0,91398.0
2024-08-06,75644.0,90252.0
2024-08-13,71009.0,94427.0
2024-08-20,75339.0,78023.0
2024-08-27,94322.0,73854.0
2024-09-03,95060.0,69208.0
2024-09-10,76583.0,63756.0
2024-09-17,72490.0,66772.0
2024-09-24,70914.0,66148.0
2024-10-01,70416.0,70519.0
2024-10-08,80224.0,62318.0
2024-10-15,79699.0,66796.0
2024-10-22,74459.0,84615.0
2024-10-29,75404.0,105616.0
2024-11-05,79747.0,103781.0
2024-11-12,72706.0,101719.0
2024-11-19,70766.0,110577.0
2024-11-26,78630.0,108586.0
2024-12-03,78970.0,115172.0
2024-12-10,76775.0,120696.0
2024-12-17,75931.0,114176.0
2024-12-24,69968.0,116500.0
2024-12-31,80796.0,122636.0
2025-01-07,69495.0,111083.0
2025-01-14,68363.0,108162.0
2025-01-21,72504.0,107738.0
2025-01-28,72532.0,106828.0
2025-02-04,82094.0,104271.0
2025-02-11,88642.0,109469.0
2025-02-18,89424.0,100651.0
2025-02-25,93762.0,99058.0
2025-03-04,94173.0,102395.0
2025-03-11,90093.0,96012.0
2025-03-18,87050.0,73191.0
2025-03-25,89643.0,63267.0
2025-04-01,91315.0,58425.0
2025-04-08,85855.0,52777.0
2025-04-15,80754.0,58948.0
2025-04-22,81269.0,66559.0
2025-04-29,79893.0,62578.0
2025-05-06,73085.0,67340.0
2025-05-13,86340.0,66187.0
2025-05-20,83874.0,76941.0
2025-05-27,76556.0,77460.0
2025-06-03,74113.0,76024.0
2025-06-10,84861.0,72885.0
2025-06-17,88119.0,72690.0
2025-06-24,88638.0,67545.0
2025-07-01,91623.0,76402.0
2025-07-08,105233.0,76110.0
2025-07-15,106430.0,67906.0
2025-07-22,102310.0,73901.0
2025-07-29,110100.0,79238.0
2025-08-05,106098.0,71890.0
2025-08-12,100864.0,65926.0
2025-08-19,104037.0,70811.0
2025-08-26,109029.0,74822.0
2025-09-02,107011.0,77338.0
2025-09-09,103962.0,71350.0
2025-09-16,108039.0,81802.0
2025-09-23,106658.0,86855.0
2025-09-30,105007.0,82730.0
2025-10-07,107423.0,86038.0
2025-10-14,103080.0,80802.0
2025-10-21,102054.0,79590.0
2025-10-28,108266.0,90923.0
2025-11-04,98873.0,93691.0
2025-11-10,84211.0,89872.0
2025-11-18,87561.0,75140.0
2025-11-25,90941.0,76217.0
2025-12-02,90775.0,71503.0
2025-12-09,102769.0,61164.0
2025-12-16,116937.0,65636.0
2025-12-23,120823.0,64716.0
2025-12-30,121459.0,68797.0
2026-01-06,119570.0,68970.0
2026-01-13,103621.0,78229.0
2026-01-20,100073.0,89837.0
2026-01-27,115423.0,89062.0
2026-02-03,123767.0,81712.0
2026-02-10,132693.0,82489.0
2026-02-17,126502.0,82953.0
2026-02-24,120964.0,84167.0
2026-03-03,128443.0,98811.0
2026-03-10,105592.0,100361.0
2026-03-17,106918.0,113870.0
2026-03-24,97985.0,111523.0
2026-03-31,106291.0,102344.0
2026-04-07,104662.0,103780.0
2026-04-14,117694.0,92312.0
2026-04-21,113259.0,92942.0
2026-04-28,111857.0,100263.0
2026-05-05,110859.0,99013.0
2026-05-12,115836.0,97833.0
2026-05-19,121171.0,104854.0
2026-05-26,110985.0,103689.0
2026-06-02,109583.0,97556.0
2026-06-09,91856.0,109244.0
2026-06-16,94228.0,103154.0
2026-06-23,108150.0,123560.0
2026-06-30,102267.0,134911.0
2026-07-07,87460.0,132921.0
2026-07-14,89976.0,143667.0
2026-07-21,91110.0,147781.0
2026-07-28,92672.0,157870.0
2026-08-04,95389.0,147594.0
2026-08-11,86753.0,147353.0
2026-08-18,90140.0,147856.0
