type,k,risk_mean,risk_lo,risk_hi,flip_mean,flip_lo,flip_hi
FOMC,-10,0.1647805297532636,0.15718961757279062,0.1828969483166812,0.027450980392156862,0.023529411764705882,0.050980392156862744
FOMC,-9,0.1740688312625903,0.15669298867280992,0.1825713037022319,0.029411764705882353,0.023529411764705882,0.05098039215686275
FOMC,-8,0.17412213337650737,0.1565836054752239,0.18140070233544484,0.047058823529411764,0.023529411764705882,0.050980392156862744
FOMC,-7,0.18009611691150915,0.15733225393474237,0.1813498832370393,0.043137254901960784,0.023529411764705882,0.050980392156862744
FOMC,-6,0.16934915817590182,0.1561815895192247,0.18153393129380865,0.03529411764705882,0.023529411764705882,0.050980392156862744
FOMC,-5,0.16778257386750164,0.15728222693035124,0.18251655449166343,0.03137254901960784,0.023529411764705882,0.050980392156862744
FOMC,-4,0.16746004966616293,0.15781632970257514,0.18233076257249428,0.047058823529411764,0.023529411764705882,0.050980392156862744
FOMC,-3,0.1694367337048692,0.15772234983064226,0.18198915678748237,0.049019607843137254,0.023529411764705882,0.050980392156862744
FOMC,-2,0.16450208930394836,0.1577635675360323,0.1830214207213319,0.045098039215686274,0.023529411764705882,0.050980392156862744
FOMC,-1,0.17683596903378626,0.15722609000119217,0.18169627312029354,0.023529411764705882,0.023529411764705882,0.050980392156862744
FOMC,0,0.1792043095101878,0.15681562771355403,0.18209570244106782,0.0392156862745098,0.023529411764705882,0.050980392156862744
FOMC,1,0.17705567665797936,0.15674617969407156,0.1821347890332652,0.050980392156862744,0.023529411764705882,0.050980392156862744
FOMC,2,0.19056105417307867,0.15534243240019877,0.1809401945689575,0.03725490196078431,0.023529411764705882,0.050980392156862744
FOMC,3,0.18325856594989226,0.15546593549754006,0.1819232147117598,0.06862745098039216,0.023529411764705882,0.049019607843137254
FOMC,4,0.17046232398176667,0.15652144454761796,0.18169038041028657,0.043137254901960784,0.023529411764705882,0.050980392156862744
FOMC,5,0.16661366461994684,0.1573293953973892,0.182246857291437,0.029411764705882353,0.023529411764705882,0.052941176470588235
FOMC,6,0.18633023243556596,0.15634409980632483,0.18144790716800463,0.027450980392156862,0.023529411764705882,0.050980392156862744
FOMC,7,0.17809753603928197,0.15618029620820223,0.18105473858850207,0.054901960784313725,0.023529411764705882,0.049019607843137254
FOMC,8,0.17164089810924132,0.15518122295685047,0.18165238036698494,0.050980392156862744,0.023529411764705882,0.050980392156862744
FOMC,9,0.16732443197675256,0.15611373668184192,0.18135694280724418,0.029411764705882353,0.023529411764705882,0.050980392156862744
FOMC,10,0.16309712446896218,0.1554262746553276,0.18128380750281153,0.03725490196078431,0.023529411764705882,0.050980392156862744
ECB,-10,0.16111089046122007,0.1587493021146795,0.18216412166331758,0.023923444976076555,0.025518341307814992,0.051036682615629984
ECB,-9,0.17685452859326276,0.15825322394372554,0.18141373343592676,0.028708133971291867,0.023923444976076555,0.049441786283891544
ECB,-8,0.17633904710009393,0.15753387953064749,0.18134963226849138,0.06060606060606061,0.023923444976076555,0.049441786283891544
ECB,-7,0.1733200096221252,0.15843298176519874,0.18228411632404157,0.02711323763955343,0.025518341307814992,0.049441786283891544
ECB,-6,0.16927099173767504,0.15810472338365525,0.18106929577287134,0.030303030303030304,0.025518341307814992,0.051036682615629984
ECB,-5,0.1769351024829355,0.15776972582596516,0.18054494429552356,0.025518341307814992,0.025518341307814992,0.049441786283891544
ECB,-4,0.183044945169829,0.15727652324250554,0.18012247660188818,0.04146730462519936,0.025518341307814992,0.049441786283891544
ECB,-3,0.18160673893615328,0.15781522502946835,0.18011497272632127,0.03189792663476874,0.025518341307814992,0.049441786283891544
ECB,-2,0.17303707947588587,0.15867679443468938,0.1810355137368326,0.03668261562998405,0.025518341307814992,0.049441786283891544
ECB,-1,0.16691142786342927,0.1579208929164871,0.18070009183498112,0.046251993620414676,0.023923444976076555,0.049441786283891544
ECB,0,0.16594727472573,0.15769071563142195,0.18040530435470623,0.03189792663476874,0.025518341307814992,0.049441786283891544
ECB,1,0.1680740594321265,0.15774953671096043,0.17993915412489284,0.06060606060606061,0.023923444976076555,0.049441786283891544
ECB,2,0.16825722821631386,0.15723044635893474,0.1809100189154596,0.05263157894736842,0.023923444976076555,0.047926634768739956
ECB,3,0.16513245496234064,0.15685403520203614,0.18047756725033284,0.02711323763955343,0.025518341307814992,0.049441786283891544
ECB,4,0.1675391804630985,0.15764237754434512,0.18121748309693536,0.022328548644338118,0.025518341307814992,0.051036682615629984
ECB,5,0.16645363041411176,0.15748158323262398,0.1804264315303897,0.051036682615629984,0.023923444976076555,0.049441786283891544
ECB,6,0.16721788017244935,0.15727866745910635,0.180139051497193,0.044657097288676235,0.025518341307814992,0.049441786283891544
ECB,7,0.17813996751983618,0.15701967700137154,0.18005889936341268,0.03508771929824561,0.025518341307814992,0.049441786283891544
ECB,8,0.17269771322638344,0.15723481791508737,0.17974865009269703,0.03189792663476874,0.025518341307814992,0.049441786283891544
ECB,9,0.1622184595169898,0.15725159110640768,0.18052533987806788,0.04146730462519936,0.023923444976076555,0.049441786283891544
ECB,10,0.16273014536033226,0.1568152502896632,0.1800989169815888,0.03508771929824561,0.025518341307814992,0.04952153110047839
SNB,-10,0.15832326960073584,0.15278385132682074,0.1878439494970146,0.01568627450980392,0.0196078431372549,0.058823529411764705
SNB,-9,0.1691601484261168,0.15239596817870815,0.1878164564803692,0.03529411764705882,0.0196078431372549,0.058823529411764705
SNB,-8,0.19101896530763812,0.152445009080249,0.1872311903529815,0.03529411764705882,0.0196078431372549,0.058823529411764705
SNB,-7,0.17593762611481706,0.15194862723105246,0.18663498742325335,0.054901960784313725,0.0196078431372549,0.058823529411764705
SNB,-6,0.18080997957185221,0.15132247378357203,0.1881440706304707,0.043137254901960784,0.0196078431372549,0.058823529411764705
SNB,-5,0.18071186353708082,0.15126169648946364,0.1874676686055297,0.050980392156862744,0.0196078431372549,0.054901960784313725
SNB,-4,0.17816837822496667,0.151185538064954,0.1877527285716079,0.06666666666666667,0.0196078431372549,0.058823529411764705
SNB,-3,0.17689542020054672,0.15132549558314173,0.18805160964479722,0.06274509803921569,0.0196078431372549,0.054901960784313725
SNB,-2,0.17572063369696275,0.15091649569663942,0.18813577332252315,0.03137254901960784,0.0196078431372549,0.054901960784313725
SNB,-1,0.16900583757700852,0.1522657131961886,0.18803249509965242,0.050980392156862744,0.01568627450980392,0.058823529411764705
SNB,0,0.16781044235139372,0.1515658754796222,0.1880992468170554,0.06666666666666667,0.0196078431372549,0.058823529411764705
SNB,1,0.1702621901708688,0.1522716556984456,0.18807620173135556,0.043137254901960784,0.0196078431372549,0.054901960784313725
SNB,2,0.18239426652475413,0.1511077199908208,0.18758197546271574,0.054901960784313725,0.01568627450980392,0.058823529411764705
SNB,3,0.17627156874544125,0.15147840356011869,0.18691582484331998,0.03137254901960784,0.0196078431372549,0.054901960784313725
SNB,4,0.17281271053467265,0.15191246407073863,0.18717555684336482,0.03529411764705882,0.0196078431372549,0.058823529411764705
SNB,5,0.17171521939436046,0.1515933080601277,0.18733888607172774,0.058823529411764705,0.019411764705882364,0.058823529411764705
SNB,6,0.1663256818420437,0.15232835499059846,0.18739871185349372,0.054901960784313725,0.0196078431372549,0.054901960784313725
SNB,7,0.154448015209505,0.15331704189804823,0.1879551426631913,0.050980392156862744,0.0196078431372549,0.058823529411764705
SNB,8,0.14952126321175643,0.15308143323444837,0.18768777046050347,0.0196078431372549,0.0196078431372549,0.058823529411764705
SNB,9,0.14710925751403167,0.152094462830182,0.18746370689859776,0.01568627450980392,0.0196078431372549,0.058823529411764705
SNB,10,0.16272028474150851,0.15140942642460006,0.18831790469287837,0.023529411764705882,0.0196078431372549,0.054901960784313725
BOE,-10,0.15739755826537902,0.1593515402834486,0.18122722552967246,0.040310077519379844,0.02483373179743534,0.04961240310077519
BOE,-9,0.16295631587337464,0.15935755815221564,0.1807549570486841,0.03255813953488372,0.024806201550387597,0.04961240310077519
BOE,-8,0.16930227075377477,0.15944105993219737,0.18099210000358631,0.040310077519379844,0.024806201550387597,0.04961240310077519
BOE,-7,0.17249666226531418,0.15832113068962242,0.17986816956511925,0.02635658914728682,0.024806201550387597,0.04961240310077519
BOE,-6,0.1756901495894198,0.15819841529612214,0.18083446684207136,0.031007751937984496,0.02635658914728682,0.04806201550387597
BOE,-5,0.18287894467632884,0.15743126986715678,0.18006432904562866,0.027906976744186046,0.02635658914728682,0.04961240310077519
BOE,-4,0.19549597976326202,0.1564709575337012,0.17871307575396728,0.05271317829457364,0.024806201550387597,0.04806201550387597
BOE,-3,0.1814444989186943,0.15794813617334474,0.17966640189287353,0.06046511627906977,0.024806201550387597,0.04806201550387597
BOE,-2,0.1685067448774209,0.15838596812649722,0.18079443873459292,0.037209302325581395,0.024806201550387597,0.05116279069767442
BOE,-1,0.16699365809036446,0.15871044934707448,0.18027538857186717,0.03255813953488372,0.02635658914728682,0.04961240310077519
BOE,0,0.16758022087245816,0.15780880783771692,0.18047753840890066,0.037209302325581395,0.024806201550387597,0.04961240310077519
BOE,1,0.17249667880797184,0.15777255914741126,0.1800227229716942,0.04496124031007752,0.024806201550387597,0.04961240310077519
BOE,2,0.1871078315768057,0.1574289870978781,0.1792405210971812,0.04186046511627907,0.024806201550387597,0.04806201550387597
BOE,3,0.18076433996884103,0.15799080691932355,0.18023806299008574,0.034108527131782945,0.02635658914728682,0.04961240310077519
BOE,4,0.17734835314956582,0.15737727922165007,0.18054368541387442,0.03565891472868217,0.024806201550387597,0.05116279069767442
BOE,5,0.18028509296101042,0.15737423909293838,0.1797532757323932,0.04806201550387597,0.023255813953488372,0.04806201550387597
BOE,6,0.17192566366260173,0.15821987173347463,0.18078744494659746,0.04186046511627907,0.024806201550387597,0.04806201550387597
BOE,7,0.17109630776612986,0.15783471441024705,0.1804391801313814,0.03255813953488372,0.024806201550387597,0.04961240310077519
BOE,8,0.16966057443988147,0.15741234236232776,0.17912705861890785,0.020155038759689922,0.02635658914728682,0.04961240310077519
BOE,9,0.16323867828593402,0.1578896266689642,0.18034862130738638,0.040310077519379844,0.024806201550387597,0.04961240310077519
BOE,10,0.16430861551203577,0.1579420094236639,0.18050892981833344,0.040310077519379844,0.024806201550387597,0.04961240310077519
NFP,-10,0.17422937184042972,0.15881141288844414,0.17977623713668445,0.03280839895013123,0.026246719160104987,0.048556430446194225
NFP,-9,0.16926237124247712,0.15912830208249756,0.17950509237711298,0.04461942257217848,0.026246719160104987,0.048556430446194225
NFP,-8,0.17411918916736624,0.15911249286405352,0.1788805277763172,0.027559055118110236,0.026246719160104987,0.048556430446194225
NFP,-7,0.15965936121384297,0.15943652522033513,0.17958808891290687,0.04199475065616798,0.026246719160104987,0.048556430446194225
NFP,-6,0.16240329316941612,0.16008736619625982,0.18018447349569183,0.030183727034120734,0.026246719160104987,0.047244094488188976
NFP,-5,0.170699707420021,0.15980803425155687,0.1794361521748354,0.030183727034120734,0.026246719160104987,0.048556430446194225
NFP,-4,0.16987481964698148,0.15895952111480455,0.1794566889732554,0.03674540682414698,0.026246719160104987,0.048556430446194225
NFP,-3,0.16278580628261924,0.15922217585634885,0.18066245318636026,0.03280839895013123,0.027559055118110236,0.047244094488188976
NFP,-2,0.15947832999233683,0.1597246388189313,0.1807988205874696,0.027559055118110236,0.026246719160104987,0.048556430446194225
NFP,-1,0.162990043916133,0.15993320255093954,0.1799495698009331,0.026246719160104987,0.026246719160104987,0.048556430446194225
NFP,0,0.16878816538948543,0.15987713586183733,0.17969420230665148,0.04068241469816273,0.026246719160104987,0.047244094488188976
NFP,1,0.1803956629554367,0.15878578295271442,0.17896248884643087,0.04461942257217848,0.026246719160104987,0.048556430446194225
NFP,2,0.17002133648219647,0.15920555628710006,0.1797647390746116,0.03937007874015748,0.026246719160104987,0.048556430446194225
NFP,3,0.17287188176205293,0.1585629261581209,0.17921364464590492,0.028871391076115485,0.026246719160104987,0.048556430446194225
NFP,4,0.17618295858735286,0.15830285345796563,0.17883634254279382,0.047244094488188976,0.024934383202099737,0.048556430446194225
NFP,5,0.1722846331513762,0.15836213578141162,0.17943512110425497,0.05511811023622047,0.026246719160104987,0.047244094488188976
NFP,6,0.17064827515259534,0.15864695332646628,0.179414373726506,0.04461942257217848,0.026246719160104987,0.048556430446194225
NFP,7,0.1690845436979473,0.1589241098083122,0.17979268451424502,0.01968503937007874,0.027559055118110236,0.04862204724409443
NFP,8,0.16519323410949993,0.15877959770308808,0.18047859230453564,0.04330708661417323,0.026246719160104987,0.04730971128608918
NFP,9,0.16426556961733713,0.15866886921199697,0.1797964123104245,0.04199475065616798,0.02618110236220473,0.048556430446194225
NFP,10,0.17437578901425538,0.15826298421155086,0.1794799133883563,0.03674540682414698,0.026246719160104987,0.048556430446194225
CPI,-10,0.16773740769784934,0.15916647988634938,0.1803776452749942,0.02483660130718954,0.026143790849673203,0.048366013071895426
CPI,-9,0.1673314195316736,0.1592974194174842,0.18020403270466265,0.040522875816993466,0.026143790849673203,0.047058823529411764
CPI,-8,0.1730188462970334,0.15936004220468553,0.18086480905921054,0.03529411764705882,0.026143790849673203,0.048366013071895426
CPI,-7,0.1694768633324339,0.1596051017545272,0.1798183842936174,0.043137254901960784,0.026143790849673203,0.04967320261437908
CPI,-6,0.17228647496389318,0.15910313783893199,0.17963130632538307,0.03529411764705882,0.027450980392156862,0.048366013071895426
CPI,-5,0.16841299908894525,0.15935677410193017,0.17962922862025055,0.030065359477124184,0.026143790849673203,0.04967320261437908
CPI,-4,0.17663064676074214,0.15953337440836876,0.17953041372005948,0.044444444444444446,0.02483660130718954,0.048366013071895426
CPI,-3,0.16591192930932216,0.15923593107719483,0.18013573716039205,0.054901960784313725,0.026143790849673203,0.047058823529411764
CPI,-2,0.1724166441208476,0.1590148371133054,0.1800620570872687,0.023529411764705882,0.027450980392156862,0.04967320261437908
CPI,-1,0.17046814020109302,0.15866457591381372,0.17913963765206728,0.04183006535947712,0.026143790849673203,0.048366013071895426
CPI,0,0.17138150469643673,0.159162630589745,0.17987729305749678,0.03790849673202614,0.026143790849673203,0.048366013071895426
CPI,1,0.1691598351764168,0.15881896720334196,0.18007833539166096,0.05620915032679739,0.026143790849673203,0.04712418300653589
CPI,2,0.16998172164184494,0.1586328470851827,0.17952623462252326,0.03137254901960784,0.026143790849673203,0.048366013071895426
CPI,3,0.1693726071691167,0.15900598968614327,0.17886948421489238,0.03398692810457516,0.026143790849673203,0.048366013071895426
CPI,4,0.1700530814934447,0.15850800534299544,0.17983816364948765,0.03790849673202614,0.026143790849673203,0.048366013071895426
CPI,5,0.16786399431575494,0.15866515898036276,0.17880419723719734,0.03529411764705882,0.026143790849673203,0.048366013071895426
CPI,6,0.16235310427201166,0.1582725081275524,0.1793024317313699,0.0457516339869281,0.02483660130718954,0.048366013071895426
CPI,7,0.1687515466247117,0.1583758812542189,0.17899636463026963,0.032679738562091505,0.026143790849673203,0.048366013071895426
CPI,8,0.1625938433200701,0.15853172769655874,0.17981882690964945,0.027450980392156862,0.026143790849673203,0.048366013071895426
CPI,9,0.16667484845536,0.1586964839558263,0.17973846693699114,0.02875816993464052,0.02483660130718954,0.048366013071895426
CPI,10,0.17470032844992467,0.1577212113791169,0.17910454235614703,0.02091503267973856,0.027450980392156862,0.04967320261437908
